015650617,http://www.laurentdurupt.com/,OpenResty
015950033,http://www.bresson-cereales.fr/,
047280110,http://www.artigarrede.com/,
058200593,https://podeliha-accession.fr/,
063200273,http://tpcourant.fr/,Apache
130005259,http://toulon.tribunal-administratif.fr/,
130015332,https://www.univ-amu.fr/,Nginx
130021439,https://languedoc-roussillon-universites.fr/,Apache
176500015,http://www.hautes-pyrenees.gouv.fr/,Apache
178700050,http://www.limoges.tribunal-administratif.fr/,
181600016,http://www.charente.chambre-agriculture.fr/,Apache
184700029,http://lot-et-garonne.chambagri.fr/,Apache
185704061,https://paroisses-sarreguemines.fr/,Nginx
187512512,https://www.agence-erasmus.fr/,IIS
190200782,http://daubie.lyc.ac-amiens.fr/,Apache
190600619,http://www.clg-auguste-blanqui.ac-nice.fr/,Apache
190612374,http://www.clg-jean-salines.ac-nice.fr/,Apache
